title,company,location,url
Homeoffice - Job | Nebentätigkeit im digitalen Backoffice (m/w/d),Life and Fit Vital Balance,Wildflecken,https://www.arbeitnow.com/jobs/companies/life-and-fit-vital-balance/homeoffice-job-nebentatigkeit-im-digitalen-backoffice-wildflecken-133635
Key Account Manager - Logistik (f/m/d),ZENJOB,"Berlin, Berlin, Germany",https://www.arbeitnow.com/jobs/companies/zenjob/key-account-manager-logistik-berlin-233380
"Staff Product Analyst, Rider Experience",Bolt Technology,"Berlin, Berlin, Germany",https://www.arbeitnow.com/jobs/companies/bolt-technology/staff-product-analyst-rider-experience-berlin-70897
Outbound SDR (German-speaking),SumUp,"Berlin, Berlin, Germany",https://www.arbeitnow.com/jobs/companies/sumup/outbound-sdr-german-speaking-berlin-338911
Warehouse and Logistics Manager (m/w/d),Gauzy,Sulz am Neckar,https://www.arbeitnow.com/jobs/companies/gauzy/warehouse-and-logistics-manager-sulz-am-neckar-167878
Finance Specialist (m/w(d),Brighter AI Technologies GmbH,Berlin,https://www.arbeitnow.com/jobs/companies/brighter-ai-technologies-gmbh/finance-specialist-m-wd-berlin-130243
DevOps Engineer (gn) KONSENS | 100% REMOTE,Bridgency HR Management GbR,Usingen,https://www.arbeitnow.com/jobs/companies/bridgency-hr-management-gbr/devops-engineer-gn-konsens-100-remote-usingen-407056
Werkstudent Finance (m/w/d),HERO Software,Hanover,https://www.arbeitnow.com/jobs/companies/hero-software/werkstudent-finance-hanover-454720
Laravel Entwickler,optiGov GmbH,Delbrück,https://www.arbeitnow.com/jobs/companies/optigov-gmbh/laravel-entwickler-delbruck-333021
Senior Financial Controller (everyone is welcome),Sirius Facilities GmbH,Berlin,https://www.arbeitnow.com/jobs/companies/sirius-facilities-gmbh/senior-financial-controller-everyone-is-welcome-berlin-308221
Werkstudent (m/w/d) für Medienproduktion & IT-Support,EVEREST GmbH,Hamburg,https://www.arbeitnow.com/jobs/companies/everest-gmbh/werkstudent-fur-medienproduktion-it-support-hamburg-292013
Pflichtpraktikum Marketing E-Commerce & Website (m/w/d),WEROCK Technologies GmbH,Karlsruhe,https://www.arbeitnow.com/jobs/companies/werock-technologies-gmbh/pflichtpraktikum-marketing-e-commerce-website-karlsruhe-214859
Head of Perception,MOTOR Ai,Berlin,https://www.arbeitnow.com/jobs/companies/motor-ai/head-of-perception-berlin-468779
AI Tinkerer / Enthusiast (m/f/d) - Working student -  (Berlin or Munich),DONE!Berlin,Berlin,https://www.arbeitnow.com/jobs/companies/doneberlin/ai-tinkerer-enthusiast-working-student-berlin-or-munich-73302
Social Media Marketing Praktikum (m/w/d),STARTPLATZ AI HUB,Cologne,https://www.arbeitnow.com/jobs/companies/startplatz-ai-hub/social-media-marketing-praktikum-cologne-477397
Buchhalter*in (m/w/d),benuta GmbH,Bonn,https://www.arbeitnow.com/jobs/companies/benuta-gmbh/buchhalterin-bonn-497620
Teamleitung Buchhaltung (m/w/d),benuta GmbH,Bonn,https://www.arbeitnow.com/jobs/companies/benuta-gmbh/teamleitung-buchhaltung-bonn-172782
Automatisierungstechniker m/w/d,Lemon- Albrecht & Mangold GbR,Bösingen,https://www.arbeitnow.com/jobs/companies/lemon-albrecht-mangold-gbr/automatisierungstechniker-bosingen-323559
Senior Fullstack Engineer (w/m/d),Seedbox,Stuttgart,https://www.arbeitnow.com/jobs/companies/seedbox/senior-fullstack-engineer-stuttgart-161117
Finanzbuchhalter / Bilanzbuchhalter (m/w/d),XIAO Beteiligungsgesellschaft mbH,Gelsenkirchen,https://www.arbeitnow.com/jobs/companies/xiao-beteiligungsgesellschaft-mbh/finanzbuchhalter-bilanzbuchhalter-gelsenkirchen-356654
Duales Studium Influencer Marketing (m/w/d),benuta GmbH,Cologne,https://www.arbeitnow.com/jobs/companies/benuta-gmbh/duales-studium-influencer-marketing-cologne-219607
Ingenieur*innen (all genders) oder vergleichbare technische Ausbildung im Bereich Projektsteuerung,HORN & MÜLLER Ingenieurgesellschaft mbH,Berlin,https://www.arbeitnow.com/jobs/companies/horn-muller-ingenieurgesellschaft-mbh/ingenieurinnen-all-genders-oder-vergleichbare-technische-ausbildung-im-bereich-projektsteuerung-berlin-467203
Salesforce Solution/Technical Architect (m/w/d),DIA,Wetzlar,https://www.arbeitnow.com/jobs/companies/dia/salesforce-solution-technical-architect-wetzlar-464104
Warehouse and Logistics Manager (m/w/d),Gauzy,Sulz am Neckar,https://www.arbeitnow.com/jobs/companies/gauzy/warehouse-and-logistics-manager-sulz-am-neckar-307681
Bauleiter:in / Projektleiter:in (w/m/d) Hochbau in 4-Tage-Woche,Deutsche Reihenhaus AG,Kaiserslautern,https://www.arbeitnow.com/jobs/companies/deutsche-reihenhaus-ag/bauleiterin-projektleiterin-hochbau-in-4-tage-woche-kaiserslautern-213843
Financial Planning & Analysis Manager (m/w/d),Gymondo GmbH,Berlin,https://www.arbeitnow.com/jobs/companies/gymondo-gmbh/financial-planning-analysis-manager-berlin-97321
(Junior) Finanzwirt (m/w/d) Steuerberatung,univativ GmbH,Hanover,https://www.arbeitnow.com/jobs/companies/univativ-gmbh/junior-finanzwirt-steuerberatung-hanover-128422
Windparkplaner (m/w/d),Deutscher Bauservice GmbH,Molbergen,https://www.arbeitnow.com/jobs/companies/deutscher-bauservice-gmbh/windparkplaner-molbergen-393963
Elektrokonstrukteur EPLAN (m/w/d),ZSI technology GmbH,Heilsbronn,https://www.arbeitnow.com/jobs/companies/zsi-technology-gmbh/elektrokonstrukteur-eplan-heilsbronn-441367
Ausbildung zur Kauffrau/-mann für Büromanagement (m/w/d) - Halle (Saale),HT Service GmbH,Halle (Saale),https://www.arbeitnow.com/jobs/companies/ht-service-gmbh/ausbildung-zur-kauffrau-mann-fur-buromanagement-halle-saale-75427
Direktor Strategie & Entwicklung (m/w/d),heimatwurzeln e.V.,Bonn,https://www.arbeitnow.com/jobs/companies/heimatwurzeln-ev/direktor-strategie-entwicklung-bonn-427648
Technical Co-Founder (f/m/d) - HR Tech Startup,retalent,Berlin,https://www.arbeitnow.com/jobs/companies/retalent/technical-co-founder-hr-tech-startup-berlin-236797
Senior) Consultant (m/w/d) CCH Tagetik Consulting in Voll- oder Teilzeit,PKF Industrie- und Verkehrs­treuhand GmbH,Munich,https://www.arbeitnow.com/jobs/companies/pkf-industrie-und-verkehrstreuhand-gmbh/senior-consultant-cch-tagetik-consulting-in-voll-oder-teilzeit-munich-174249
(Senior) Consultant / Berater (m/w/d) IT-Solutions Lucanet Consulting in Voll- oder Teilzeit,PKF Industrie- und Verkehrs­treuhand GmbH,Munich,https://www.arbeitnow.com/jobs/companies/pkf-industrie-und-verkehrstreuhand-gmbh/senior-consultant-berater-it-solutions-lucanet-consulting-in-voll-oder-teilzeit-munich-412775
Software-Entwickler (m/w/x) für Qt-basierte Bedienoberflächen,K-tronik GmbH,Ottobrunn,https://www.arbeitnow.com/jobs/companies/k-tronik-gmbh/software-entwickler-fur-qt-basierte-bedienoberflachen-ottobrunn-107424
Java Entwickler/ Fullstack (m/w/x),K-tronik GmbH,Ottobrunn,https://www.arbeitnow.com/jobs/companies/k-tronik-gmbh/java-entwickler-fullstack-ottobrunn-20160
Software Engineer (m/f/d),Flix,"Berlin, Berlin, Germany",https://www.arbeitnow.com/jobs/companies/flix/software-engineer-berlin-467506
Field Sales Territory Manager (FSC),SumUp,"Cologne, North Rhine-Westphalia, Germany",https://www.arbeitnow.com/jobs/companies/sumup/field-sales-territory-manager-fsc-cologne-287446
Editor Working Student - German Speaker (m/f/x),Atolls,"Munich, Bavaria, Germany",https://www.arbeitnow.com/jobs/companies/atolls/editor-working-student-german-speaker-munich-321880
Editor Working Student - German Speaker (m/f/x),Atolls,"Berlin, Berlin, Germany",https://www.arbeitnow.com/jobs/companies/atolls/editor-working-student-german-speaker-berlin-35670
News Editor (German-Speaking) - Working Student (m/f/x),Atolls,"Munich, Bavaria, Germany",https://www.arbeitnow.com/jobs/companies/atolls/news-editor-german-speaking-working-student-munich-464305
"Business Analyst (all genders) - Berlin, Germany",simplesurance,"Berlin, Berlin, Germany",https://www.arbeitnow.com/jobs/companies/simplesurance/business-analyst-all-genders-berlin-germany-157547
"Engineering Team Lead, Conversational AI",Wolt - English,"Berlin, Berlin, Germany",https://www.arbeitnow.com/jobs/companies/wolt-english/engineering-team-lead-conversational-ai-berlin-212574
PR-Manager/in (m/w/d) Games & Technologie,keySquare Network,Berlin,https://www.arbeitnow.com/jobs/companies/keysquare-network/pr-manager-in-games-technologie-berlin-230597
"Junior Finanzbuchhalter / Accountant (m/w/d), Gütersloh",Schüttflix Group,Gütersloh,https://www.arbeitnow.com/jobs/companies/schuttflix-group/junior-finanzbuchhalter-accountant-gutersloh-83275
(Junior) Enterprise Architect,SV Informatik,Mannheim,https://www.arbeitnow.com/jobs/companies/sv-informatik/junior-enterprise-architect-mannheim-95589
Werkstudent Finance (m/w/d),HERO Software,Berlin,https://www.arbeitnow.com/jobs/companies/hero-software/werkstudent-finance-berlin-416755
Bauüberwacher im Tiefbau (m/w/d) - Bereich Glasfaserausbau - deutschlandweit,Deutscher Bauservice GmbH,Leipzig,https://www.arbeitnow.com/jobs/companies/deutscher-bauservice-gmbh/bauuberwacher-im-tiefbau-bereich-glasfaserausbau-deutschlandweit-leipzig-377603
Bauüberwacher im Tiefbau (m/w/d) - Bereich Glasfaserausbau - deutschlandweit,Deutscher Bauservice GmbH,Aschaffenburg,https://www.arbeitnow.com/jobs/companies/deutscher-bauservice-gmbh/bauuberwacher-im-tiefbau-bereich-glasfaserausbau-deutschlandweit-aschaffenburg-367573
Bauüberwacher im Tiefbau (m/w/d) - Bereich Glasfaserausbau - deutschlandweit,Deutscher Bauservice GmbH,Halle (Saale),https://www.arbeitnow.com/jobs/companies/deutscher-bauservice-gmbh/bauuberwacher-im-tiefbau-bereich-glasfaserausbau-deutschlandweit-halle-saale-122679
Bauüberwacher im Tiefbau (m/w/d) - Bereich Glasfaserausbau - deutschlandweit,Deutscher Bauservice GmbH,Weimar,https://www.arbeitnow.com/jobs/companies/deutscher-bauservice-gmbh/bauuberwacher-im-tiefbau-bereich-glasfaserausbau-deutschlandweit-weimar-444567
Bauüberwacher im Tiefbau (m/w/d) - Bereich Glasfaserausbau - deutschlandweit,Deutscher Bauservice GmbH,Wunstorf,https://www.arbeitnow.com/jobs/companies/deutscher-bauservice-gmbh/bauuberwacher-im-tiefbau-bereich-glasfaserausbau-deutschlandweit-wunstorf-405328
Bauüberwacher im Tiefbau (m/w/d) - Bereich Glasfaserausbau - deutschlandweit,Deutscher Bauservice GmbH,Detmold,https://www.arbeitnow.com/jobs/companies/deutscher-bauservice-gmbh/bauuberwacher-im-tiefbau-bereich-glasfaserausbau-deutschlandweit-detmold-283360
Amazon Marketplace Manager EU (m/w/d),ATG GmbH & Co. KG,Siegsdorf,https://www.arbeitnow.com/jobs/companies/atg-gmbh-co-kg/amazon-marketplace-manager-eu-siegsdorf-248427
Projektentwickler (m/w/d) für erneuerbare Energien,Deutscher Bauservice GmbH,Molbergen,https://www.arbeitnow.com/jobs/companies/deutscher-bauservice-gmbh/projektentwickler-fur-erneuerbare-energien-molbergen-185739
"Manager (m/w/d) Tax & Accounting, Gütersloh",Schüttflix Group,Gütersloh,https://www.arbeitnow.com/jobs/companies/schuttflix-group/finanzbuchhalter-accounting-specialist-gutersloh-163504
Teamassistenz / vorbereitende Buchhaltung (15-20 Stunden/Woche),Inbox Solutions GmbH,Nuremberg,https://www.arbeitnow.com/jobs/companies/inbox-solutions-gmbh/teamassistenz-vorbereitende-buchhaltung-15-20-stunden-woche-nuremberg-170252
Customer Care Job in Griechenland,CrossBorderJobs,Munich,https://www.arbeitnow.com/jobs/companies/crossborderjobs/customer-care-job-in-griechenland-munich-262193
Experte (m/w/d) Konzernbilanzierung & Financial Reporting,univativ GmbH,Eschborn,https://www.arbeitnow.com/jobs/companies/univativ-gmbh/experte-konzernbilanzierung-financial-reporting-eschborn-169893
Bankkaufmann / Finanzberater (m/w/d) Cham,Sparkasse im Landkreis Cham,Cham,https://www.arbeitnow.com/jobs/companies/sparkasse-im-landkreis-cham/bankkaufmann-finanzberater-cham-88655
Online Marketing Manager (m/w/d),keyperformance GmbH,Cologne,https://www.arbeitnow.com/jobs/companies/keyperformance-gmbh/online-marketing-manager-cologne-404736
Projektmanager:in Marketing & Strategie (m/w/d),STRIVE Publishing GmbH,Hamburg,https://www.arbeitnow.com/jobs/companies/strive-publishing-gmbh/projektmanagerin-marketing-strategie-hamburg-20321
Publishers Account Manager,mrge - commerce advertising,Berlin,https://www.arbeitnow.com/jobs/companies/mrge-commerce-advertising/publishers-account-manager-berlin-222284
Ad Operations Specialist,mrge - commerce advertising,Hamburg,https://www.arbeitnow.com/jobs/companies/mrge-commerce-advertising/ad-operations-specialist-hamburg-278534
Senior Publishers Account Manager,mrge - commerce advertising,Berlin,https://www.arbeitnow.com/jobs/companies/mrge-commerce-advertising/senior-publishers-account-manager-berlin-267861
Leiter Qualitätsmanagement - Head of Quality Management (m/w/d),STI Group,Lauterbach,https://www.arbeitnow.com/jobs/companies/sti-group/leiter-qualitatsmanagement-head-of-quality-management-lauterbach-203529
HR-Controller,MY Humancapital GmbH,Munich,https://www.arbeitnow.com/jobs/companies/my-humancapital-gmbh/hr-controller-munich-165830
Customer Support (m/w/d),MY Humancapital GmbH,Grasbrunn,https://www.arbeitnow.com/jobs/companies/my-humancapital-gmbh/customer-support-grasbrunn-43766
Teamleiter Finance,JaDe Talentmanagement e.U.,Göttingen,https://www.arbeitnow.com/jobs/companies/jade-talentmanagement-eu/teamleiter-finance-gottingen-174136
Mediengestalter/in Digital und Print (m/w/d),CALO.SOL GmbH,Bayreuth,https://www.arbeitnow.com/jobs/companies/calosol-gmbh/mediengestalter-in-digital-und-print-bayreuth-186177
Head of Engineering,Oxolo GmbH,Hamburg,https://www.arbeitnow.com/jobs/companies/oxolo-gmbh/head-of-engineering-hamburg-70604
Interviewer für Telefonumfragen gesucht (m/w/d),IFAK Institut GmbH & Co. KG,Taunusstein,https://www.arbeitnow.com/jobs/companies/ifak-institut-gmbh-co-kg/interviewer-fur-telefonumfragen-gesucht-taunusstein-120272
Medizinischer Fachangestellter / Gesundheits- und Krankenpfleger (m/w/x) für unsere Laborpraxis,Medicover GmbH,Rostock,https://www.arbeitnow.com/jobs/companies/medicover-gmbh/medizinischer-fachangestellter-gesundheits-und-krankenpfleger-fur-unsere-laborpraxis-rostock-159896
Senior Product Manager - ESG SaaS (gn),leadity GmbH,Hamburg,https://www.arbeitnow.com/jobs/companies/leadity-gmbh/senior-product-manager-esg-saas-gn-hamburg-335197
Prüfungsassistent (m/w/d) - Schritt für Schritt nach oben,Schwertfels Consulting GmbH,Wiesbaden,https://www.arbeitnow.com/jobs/companies/schwertfels-consulting-gmbh/prufungsassistent-schritt-fur-schritt-nach-oben-wiesbaden-248585
Founding Engineer - GenAI & Fullstack,Silvernova GmbH,Munich,https://www.arbeitnow.com/jobs/companies/silvernova-gmbh/founding-engineer-genai-fullstack-munich-66503
Werkstudent (m/w/d) - Projektassistenz,Renino GmbH,Hanover,https://www.arbeitnow.com/jobs/companies/renino-gmbh/werkstudent-projektassistenz-hanover-458787
Accounting Manager (w/m/d),gloryfeel x natsana,Herdecke,https://www.arbeitnow.com/jobs/companies/gloryfeel-x-natsana/accounting-manager-herdecke-189852
Technischer Property Manager (m/w/d) auf Eigentümerseite - ca. 75.000 € Jahresgehalt plus Dienstwagen,QTalents - Real Estate Recruiting,Hamburg,https://www.arbeitnow.com/jobs/companies/qtalents-real-estate-recruiting/technischer-property-manager-auf-eigentumerseite-ca-75000-eur-jahresgehalt-plus-dienstwagen-hamburg-81280
Sportbegeisterter Social-Media-Manager gesucht! (m/w/d),WEC GmbH,Wiesbaden,https://www.arbeitnow.com/jobs/companies/wec-gmbh/sportbegeisterter-social-media-manager-gesucht-wiesbaden-350199
German speaking Full Stack Developer mit Erfahrung in Shopware 6 (all genders) - 100% remote,8mylez GmbH,Paderborn,https://www.arbeitnow.com/jobs/companies/8mylez-gmbh/german-speaking-full-stack-developer-mit-erfahrung-in-shopware-6-all-genders-100-remote-paderborn-143696
Consultant DevOps & Cloud Engineer (m/w/d),XAAS,Hamburg,https://www.arbeitnow.com/jobs/companies/xaas/consultant-devops-cloud-engineer-hamburg-234308
Specialist IT Support Engineer (w/m/d),IONOS SE,Karlsruhe,https://www.arbeitnow.com/jobs/companies/ionos-se/specialist-it-support-engineer-karlsruhe-483502
Produktionsleitung Eloxal,Personalberatung Sabine Perry,Memmingen,https://www.arbeitnow.com/jobs/companies/personalberatung-sabine-perry/produktionsleitung-eloxal-memmingen-109197
Intern (m/f/d) - Business Intelligence / Data Warehouse,Scalefree International GmbH,Hanover,https://www.arbeitnow.com/jobs/companies/scalefree-international-gmbh/intern-business-intelligence-data-warehouse-hanover-372482
Werkstudent Marketing & CRM (m/w/d),MYNE Homes,Berlin,https://www.arbeitnow.com/jobs/companies/myne-homes/werkstudent-marketing-crm-berlin-469803
Content Marketing Specialist (m/w/d) / Part-time,Toshiba Tec Germany Imaging Systems GmbH,Neuss,https://www.arbeitnow.com/jobs/companies/toshiba-tec-germany-imaging-systems-gmbh/content-marketing-specialist-part-time-neuss-316737
(Junior) IT Adminstrator (m/w/d) Identity und Accessmanagement,univativ GmbH,Hanover,https://www.arbeitnow.com/jobs/companies/univativ-gmbh/junior-it-adminstrator-identity-und-accessmanagement-hanover-431004
Praktikum im Bereich Marketing/Öffentlichkeitsarbeit,Kinderhilfe - Hilfe für krebs- und schwerkranke Kinder e.V.,Berlin,https://www.arbeitnow.com/jobs/companies/kinderhilfe-hilfe-fur-krebs-und-schwerkranke-kinder-ev/praktikum-im-bereich-marketing-offentlichkeitsarbeit-berlin-271065
Projektmitarbeiter*in Organisation & Prozessoptimierung Marktforschung,GKL Marketing Marktforschung GmbH & Co.KG,Berlin,https://www.arbeitnow.com/jobs/companies/gkl-marketing-marktforschung-gmbh-cokg/projektmitarbeiterin-organisation-prozessoptimierung-marktforschung-berlin-2787
(Junior) Elektroingenieur (m/w/d) Antriebstechnik,univativ GmbH,Kelheim,https://www.arbeitnow.com/jobs/companies/univativ-gmbh/junior-elektroingenieur-antriebstechnik-kelheim-196107
Rechtsanwaltsfachangestellte (m/w/d),Creditreform Bremen Dahlke KG,Bremen,https://www.arbeitnow.com/jobs/companies/creditreform-bremen-dahlke-kg/rechtsanwaltsfachangestellte-bremen-205911
Bodenständiger SAP FI/CO Consultant gesucht - Raum Tübingen,Intercon Solutions GmbH,Tübingen,https://www.arbeitnow.com/jobs/companies/intercon-solutions-gmbh/bodenstandiger-sap-fi-co-consultant-gesucht-raum-tubingen-330252
Akribischer SAP FI/CO Consultant gesucht - Raum Pforzheim,Intercon Solutions GmbH,Pforzheim,https://www.arbeitnow.com/jobs/companies/intercon-solutions-gmbh/akribischer-sap-fi-co-consultant-gesucht-raum-pforzheim-103460
Kalkulator:in (w/m/d),Deutsche Reihenhaus AG,Cologne,https://www.arbeitnow.com/jobs/companies/deutsche-reihenhaus-ag/kalkulatorin-cologne-446870
Bodenständiger SAP FI/CO Consultant gesucht - Raum Villingen-Schwenningen,Intercon Solutions GmbH,Villingen-Schwenningen,https://www.arbeitnow.com/jobs/companies/intercon-solutions-gmbh/bodenstandiger-sap-fi-co-consultant-gesucht-raum-villingen-schwenningen-442558
Werkstudent*in Organisation & Prozessoptimierung Marktforschung,GKL Marketing Marktforschung GmbH & Co.KG,Berlin,https://www.arbeitnow.com/jobs/companies/gkl-marketing-marktforschung-gmbh-cokg/werkstudentin-organisation-prozessoptimierung-marktforschung-berlin-484198
Trainee Account Manager (m/w/d) Vollzeit in Köln,360 Consulting GmbH,Cologne,https://www.arbeitnow.com/jobs/companies/360-consulting-gmbh/trainee-account-manager-vollzeit-in-koln-cologne-47693
Financel Controller Hotel Operations (m/w/d),Strandhotel Seehof GmbH & Co.KG,Pfofeld,https://www.arbeitnow.com/jobs/companies/strandhotel-seehof-gmbh-cokg/financel-controller-hotel-operations-pfofeld-246390
"Network Automation Engineer / Consultant (m/w/d) - Remote, modern, menschlich","nscon network, security & consulting gmbh",Frankfurt,https://www.arbeitnow.com/jobs/companies/nscon-network-security-consulting-gmbh/network-automation-engineer-consultant-remote-modern-menschlich-frankfurt-220286
